Metric,Value
Accuracy,0.9982710040983607
Macro_Recall,0.996222493289949
Macro_F1,0.9781456527947028
Best_Val_F1,0.9747886150875369
Best_Epoch,495.0
