{
  "experiment_info": {
    "timestamp": "20260211_004113",
    "dataset_info": {
      "total_features": 97,
      "num_classes": 9,
      "train_size": 249854,
      "val_size": 62464,
      "test_size": 78080,
      "class_names": [
        "BENIGN",
        "BOT",
        "DDOS",
        "DOS",
        "FTPPATATOR",
        "OTHERS",
        "PORTSCAN",
        "SSHPATATOR",
        "WEBATTACK"
      ]
    }
  },
  "vfl_model": {
    "model_type": "VFL",
    "accuracy": 0.9616547131147541,
    "macro_recall": 0.9864294505848628,
    "macro_f1": 0.8594382608577994,
    "best_val_f1": 0.8559483442568109,
    "best_epoch": 99,
    "best_val_loss": 0.04438435658812523,
    "num_classes": 9,
    "embed_dim": 64,
    "hidden_dim": 128,
    "num_agents": 3,
    "train_size": 249854,
    "val_size": 62464,
    "test_size": 78080,
    "training_params": {
      "epochs": 100,
      "learning_rate": 0.001,
      "use_class_weights": true,
      "early_stop_patience": 20,
      "min_delta": 0.001,
      "eval_every": 5
    }
  },
  "standard_nn_model": {
    "model_type": "Standard_NN",
    "accuracy": 0.964280225409836,
    "macro_recall": 0.9862968705104146,
    "macro_f1": 0.8734480771727583,
    "best_val_f1": 0.872559439288797,
    "best_epoch": 99,
    "best_val_loss": 0.048441607505083084,
    "num_classes": 9,
    "input_dim": 97,
    "hidden_dims": [
      256,
      128,
      64
    ],
    "train_size": 249854,
    "val_size": 62464,
    "test_size": 78080,
    "training_params": {
      "epochs": 100,
      "learning_rate": 0.001,
      "use_class_weights": true,
      "early_stop_patience": 20,
      "min_delta": 0.001,
      "eval_every": 5
    }
  },
  "comparison": {
    "accuracy_diff": 0.0026255122950819,
    "recall_diff": -0.0001325800744481631,
    "f1_diff": 0.0140098163149589,
    "val_f1_diff": 0.0166110950319861,
    "best_accuracy": "Standard_NN",
    "best_f1": "Standard_NN",
    "best_recall": "VFL"
  }
}