{
  "experiment_info": {
    "timestamp": "20260206_231511",
    "dataset_info": {
      "total_features": 88,
      "num_classes": 9,
      "train_size": 249854,
      "val_size": 62464,
      "test_size": 78080,
      "class_names": [
        "BENIGN",
        "BOT",
        "DDOS",
        "DOS",
        "FTPPATATOR",
        "OTHERS",
        "PORTSCAN",
        "SSHPATATOR",
        "WEBATTACK"
      ]
    }
  },
  "vfl_model": {
    "model_type": "VFL",
    "accuracy": 0.9592853483606557,
    "macro_recall": 0.985713168483906,
    "macro_f1": 0.8563888500682009,
    "best_val_f1": 0.8734046363420293,
    "best_epoch": 99,
    "best_val_loss": 0.04624607786536217,
    "num_classes": 9,
    "embed_dim": 64,
    "hidden_dim": 128,
    "num_agents": 3,
    "train_size": 249854,
    "val_size": 62464,
    "test_size": 78080,
    "training_params": {
      "epochs": 100,
      "learning_rate": 0.001,
      "use_class_weights": true,
      "early_stop_patience": 20,
      "min_delta": 0.001,
      "eval_every": 5
    }
  },
  "standard_nn_model": {
    "model_type": "Standard_NN",
    "accuracy": 0.9602202868852459,
    "macro_recall": 0.9827920374413096,
    "macro_f1": 0.8560201133184221,
    "best_val_f1": 0.8629682324231714,
    "best_epoch": 95,
    "best_val_loss": 0.048760488629341125,
    "num_classes": 9,
    "input_dim": 88,
    "hidden_dims": [
      256,
      128,
      64
    ],
    "train_size": 249854,
    "val_size": 62464,
    "test_size": 78080,
    "training_params": {
      "epochs": 100,
      "learning_rate": 0.001,
      "use_class_weights": true,
      "early_stop_patience": 20,
      "min_delta": 0.001,
      "eval_every": 5
    }
  },
  "comparison": {
    "accuracy_diff": 0.0009349385245901454,
    "recall_diff": -0.002921131042596392,
    "f1_diff": -0.00036873674977877524,
    "val_f1_diff": -0.010436403918857806,
    "best_accuracy": "Standard_NN",
    "best_f1": "VFL",
    "best_recall": "VFL"
  }
}