{
  "experiment_info": {
    "timestamp": "20260206_225905",
    "dataset_info": {
      "total_features": 88,
      "num_classes": 9,
      "train_size": 249854,
      "val_size": 62464,
      "test_size": 78080,
      "class_names": [
        "BENIGN",
        "BOT",
        "DDOS",
        "DOS",
        "FTPPATATOR",
        "OTHERS",
        "PORTSCAN",
        "SSHPATATOR",
        "WEBATTACK"
      ]
    }
  },
  "vfl_model": {
    "model_type": "VFL",
    "accuracy": 0.9643186475409836,
    "macro_recall": 0.9866326368055858,
    "macro_f1": 0.8521923272780929,
    "best_val_f1": 0.8602020561747605,
    "best_epoch": 99,
    "best_val_loss": 0.038679562509059906,
    "num_classes": 9,
    "embed_dim": 64,
    "hidden_dim": 128,
    "num_agents": 3,
    "train_size": 249854,
    "val_size": 62464,
    "test_size": 78080,
    "training_params": {
      "epochs": 100,
      "learning_rate": 0.001,
      "use_class_weights": true,
      "early_stop_patience": 20,
      "min_delta": 0.001,
      "eval_every": 5
    }
  },
  "standard_nn_model": {
    "model_type": "Standard_NN",
    "accuracy": 0.9689164959016393,
    "macro_recall": 0.9839281931793246,
    "macro_f1": 0.8569685884057494,
    "best_val_f1": 0.8632238300725255,
    "best_epoch": 99,
    "best_val_loss": 0.044797297567129135,
    "num_classes": 9,
    "input_dim": 88,
    "hidden_dims": [
      256,
      128,
      64
    ],
    "train_size": 249854,
    "val_size": 62464,
    "test_size": 78080,
    "training_params": {
      "epochs": 100,
      "learning_rate": 0.001,
      "use_class_weights": true,
      "early_stop_patience": 20,
      "min_delta": 0.001,
      "eval_every": 5
    }
  },
  "comparison": {
    "accuracy_diff": 0.0045978483606556875,
    "recall_diff": -0.0027044436262612104,
    "f1_diff": 0.0047762611276565,
    "val_f1_diff": 0.0030217738977649233,
    "best_accuracy": "Standard_NN",
    "best_f1": "Standard_NN",
    "best_recall": "VFL"
  }
}