{
  "experiment_info": {
    "timestamp": "20260222_160855",
    "dataset_info": {
      "total_features": 97,
      "num_classes": 9,
      "train_size": 249854,
      "val_size": 62464,
      "test_size": 78080,
      "class_names": [
        "BENIGN",
        "BOT",
        "DDOS",
        "DOS",
        "FTPPATATOR",
        "OTHERS",
        "PORTSCAN",
        "SSHPATATOR",
        "WEBATTACK"
      ]
    }
  },
  "vfl_model": {
    "model_type": "VFL",
    "accuracy": 0.9637423155737705,
    "macro_recall": 0.9865065707142501,
    "macro_f1": 0.8713203712421778,
    "best_val_f1": 0.8732299123333077,
    "best_epoch": 99,
    "best_val_loss": 0.04092324152588844,
    "num_classes": 9,
    "embed_dim": 64,
    "hidden_dim": 128,
    "num_agents": 3,
    "train_size": 249854,
    "val_size": 62464,
    "test_size": 78080,
    "training_params": {
      "epochs": 100,
      "learning_rate": 0.001,
      "use_class_weights": true,
      "early_stop_patience": 20,
      "min_delta": 0.001,
      "eval_every": 5
    }
  },
  "standard_nn_model": {
    "model_type": "Standard_NN",
    "accuracy": 0.9636910860655737,
    "macro_recall": 0.983281187784051,
    "macro_f1": 0.8658272543230148,
    "best_val_f1": 0.8678209764967311,
    "best_epoch": 99,
    "best_val_loss": 0.04600087180733681,
    "num_classes": 9,
    "input_dim": 97,
    "hidden_dims": [
      256,
      128,
      64
    ],
    "train_size": 249854,
    "val_size": 62464,
    "test_size": 78080,
    "training_params": {
      "epochs": 100,
      "learning_rate": 0.001,
      "use_class_weights": true,
      "early_stop_patience": 20,
      "min_delta": 0.001,
      "eval_every": 5
    }
  },
  "comparison": {
    "accuracy_diff": -5.122950819680394e-05,
    "recall_diff": -0.0032253829301990278,
    "f1_diff": -0.005493116919162988,
    "val_f1_diff": -0.005408935836576645,
    "best_accuracy": "VFL",
    "best_f1": "VFL",
    "best_recall": "VFL"
  }
}